,fitted,logit_fitted,true_labels,acc,lpml
0,0.9967429510580895,0.7304177222186783,1.0,1.0,-4.0685582221943015
1,0.9979434478380214,0.730654043847741,1.0,1.0,-4.0685582221943015
